--
-- PostgreSQL database dump
--

\restrict JUbjy9yYvOoShfOFZHcaygqylJHDSLp5s1oXrB3NEYvrfDI9t1OVBjd5b6Ci4ie

-- Dumped from database version 16.13 (Debian 16.13-1.pgdg13+1)
-- Dumped by pg_dump version 16.13 (Debian 16.13-1.pgdg13+1)

SET statement_timeout = 0;
SET lock_timeout = 0;
SET idle_in_transaction_session_timeout = 0;
SET client_encoding = 'UTF8';
SET standard_conforming_strings = on;
SELECT pg_catalog.set_config('search_path', '', false);
SET check_function_bodies = false;
SET xmloption = content;
SET client_min_messages = warning;
SET row_security = off;

SET default_tablespace = '';

SET default_table_access_method = heap;

--
-- Name: Feedback_feedback; Type: TABLE; Schema: public; Owner: postgres
--

CREATE TABLE public."Feedback_feedback" (
    id integer NOT NULL,
    name character varying(255) NOT NULL,
    email character varying(254) NOT NULL,
    doctor_name character varying(255),
    message text NOT NULL,
    created_at timestamp with time zone NOT NULL,
    rating integer NOT NULL,
    user_id_id integer
);


ALTER TABLE public."Feedback_feedback" OWNER TO postgres;

--
-- Name: Feedback_feedback_id_seq; Type: SEQUENCE; Schema: public; Owner: postgres
--

ALTER TABLE public."Feedback_feedback" ALTER COLUMN id ADD GENERATED BY DEFAULT AS IDENTITY (
    SEQUENCE NAME public."Feedback_feedback_id_seq"
    START WITH 1
    INCREMENT BY 1
    NO MINVALUE
    NO MAXVALUE
    CACHE 1
);


--
-- Name: HMSapp_appointment; Type: TABLE; Schema: public; Owner: postgres
--

CREATE TABLE public."HMSapp_appointment" (
    id integer NOT NULL,
    appointment_date date NOT NULL,
    appointment_time time without time zone NOT NULL,
    reason text,
    status character varying(20) NOT NULL,
    created_at timestamp with time zone NOT NULL,
    doctor_id integer NOT NULL,
    patient_id integer NOT NULL,
    updated_at timestamp with time zone NOT NULL,
    full_name character varying(255),
    phone character varying(20),
    "Department" character varying(100)
);


ALTER TABLE public."HMSapp_appointment" OWNER TO postgres;

--
-- Name: HMSapp_appointment_id_seq; Type: SEQUENCE; Schema: public; Owner: postgres
--

ALTER TABLE public."HMSapp_appointment" ALTER COLUMN id ADD GENERATED BY DEFAULT AS IDENTITY (
    SEQUENCE NAME public."HMSapp_appointment_id_seq"
    START WITH 1
    INCREMENT BY 1
    NO MINVALUE
    NO MAXVALUE
    CACHE 1
);


--
-- Name: accounts_user; Type: TABLE; Schema: public; Owner: postgres
--

CREATE TABLE public.accounts_user (
    id integer NOT NULL,
    password character varying(128) NOT NULL,
    last_login timestamp with time zone,
    is_superuser boolean NOT NULL,
    email character varying(254) NOT NULL,
    full_name character varying(255) NOT NULL,
    role character varying(20) NOT NULL,
    is_active boolean NOT NULL,
    is_staff boolean NOT NULL,
    created_at timestamp with time zone NOT NULL,
    updated_at timestamp with time zone NOT NULL,
    must_change_password boolean NOT NULL,
    bio text,
    department character varying(100),
    doctor_status character varying(20) NOT NULL,
    experience character varying(50),
    image character varying(100)
);


ALTER TABLE public.accounts_user OWNER TO postgres;

--
-- Name: accounts_user_groups; Type: TABLE; Schema: public; Owner: postgres
--

CREATE TABLE public.accounts_user_groups (
    id bigint NOT NULL,
    user_id integer NOT NULL,
    group_id integer NOT NULL
);


ALTER TABLE public.accounts_user_groups OWNER TO postgres;

--
-- Name: accounts_user_groups_id_seq; Type: SEQUENCE; Schema: public; Owner: postgres
--

ALTER TABLE public.accounts_user_groups ALTER COLUMN id ADD GENERATED BY DEFAULT AS IDENTITY (
    SEQUENCE NAME public.accounts_user_groups_id_seq
    START WITH 1
    INCREMENT BY 1
    NO MINVALUE
    NO MAXVALUE
    CACHE 1
);


--
-- Name: accounts_user_id_seq; Type: SEQUENCE; Schema: public; Owner: postgres
--

ALTER TABLE public.accounts_user ALTER COLUMN id ADD GENERATED BY DEFAULT AS IDENTITY (
    SEQUENCE NAME public.accounts_user_id_seq
    START WITH 1
    INCREMENT BY 1
    NO MINVALUE
    NO MAXVALUE
    CACHE 1
);


--
-- Name: accounts_user_user_permissions; Type: TABLE; Schema: public; Owner: postgres
--

CREATE TABLE public.accounts_user_user_permissions (
    id bigint NOT NULL,
    user_id integer NOT NULL,
    permission_id integer NOT NULL
);


ALTER TABLE public.accounts_user_user_permissions OWNER TO postgres;

--
-- Name: accounts_user_user_permissions_id_seq; Type: SEQUENCE; Schema: public; Owner: postgres
--

ALTER TABLE public.accounts_user_user_permissions ALTER COLUMN id ADD GENERATED BY DEFAULT AS IDENTITY (
    SEQUENCE NAME public.accounts_user_user_permissions_id_seq
    START WITH 1
    INCREMENT BY 1
    NO MINVALUE
    NO MAXVALUE
    CACHE 1
);


--
-- Name: auth_group; Type: TABLE; Schema: public; Owner: postgres
--

CREATE TABLE public.auth_group (
    id integer NOT NULL,
    name character varying(150) NOT NULL
);


ALTER TABLE public.auth_group OWNER TO postgres;

--
-- Name: auth_group_id_seq; Type: SEQUENCE; Schema: public; Owner: postgres
--

ALTER TABLE public.auth_group ALTER COLUMN id ADD GENERATED BY DEFAULT AS IDENTITY (
    SEQUENCE NAME public.auth_group_id_seq
    START WITH 1
    INCREMENT BY 1
    NO MINVALUE
    NO MAXVALUE
    CACHE 1
);


--
-- Name: auth_group_permissions; Type: TABLE; Schema: public; Owner: postgres
--

CREATE TABLE public.auth_group_permissions (
    id bigint NOT NULL,
    group_id integer NOT NULL,
    permission_id integer NOT NULL
);


ALTER TABLE public.auth_group_permissions OWNER TO postgres;

--
-- Name: auth_group_permissions_id_seq; Type: SEQUENCE; Schema: public; Owner: postgres
--

ALTER TABLE public.auth_group_permissions ALTER COLUMN id ADD GENERATED BY DEFAULT AS IDENTITY (
    SEQUENCE NAME public.auth_group_permissions_id_seq
    START WITH 1
    INCREMENT BY 1
    NO MINVALUE
    NO MAXVALUE
    CACHE 1
);


--
-- Name: auth_permission; Type: TABLE; Schema: public; Owner: postgres
--

CREATE TABLE public.auth_permission (
    id integer NOT NULL,
    name character varying(255) NOT NULL,
    content_type_id integer NOT NULL,
    codename character varying(100) NOT NULL
);


ALTER TABLE public.auth_permission OWNER TO postgres;

--
-- Name: auth_permission_id_seq; Type: SEQUENCE; Schema: public; Owner: postgres
--

ALTER TABLE public.auth_permission ALTER COLUMN id ADD GENERATED BY DEFAULT AS IDENTITY (
    SEQUENCE NAME public.auth_permission_id_seq
    START WITH 1
    INCREMENT BY 1
    NO MINVALUE
    NO MAXVALUE
    CACHE 1
);


--
-- Name: authtoken_token; Type: TABLE; Schema: public; Owner: postgres
--

CREATE TABLE public.authtoken_token (
    key character varying(40) NOT NULL,
    created timestamp with time zone NOT NULL,
    user_id integer NOT NULL
);


ALTER TABLE public.authtoken_token OWNER TO postgres;

--
-- Name: django_admin_log; Type: TABLE; Schema: public; Owner: postgres
--

CREATE TABLE public.django_admin_log (
    id integer NOT NULL,
    action_time timestamp with time zone NOT NULL,
    object_id text,
    object_repr character varying(200) NOT NULL,
    action_flag smallint NOT NULL,
    change_message text NOT NULL,
    content_type_id integer,
    user_id integer NOT NULL,
    CONSTRAINT django_admin_log_action_flag_check CHECK ((action_flag >= 0))
);


ALTER TABLE public.django_admin_log OWNER TO postgres;

--
-- Name: django_admin_log_id_seq; Type: SEQUENCE; Schema: public; Owner: postgres
--

ALTER TABLE public.django_admin_log ALTER COLUMN id ADD GENERATED BY DEFAULT AS IDENTITY (
    SEQUENCE NAME public.django_admin_log_id_seq
    START WITH 1
    INCREMENT BY 1
    NO MINVALUE
    NO MAXVALUE
    CACHE 1
);


--
-- Name: django_content_type; Type: TABLE; Schema: public; Owner: postgres
--

CREATE TABLE public.django_content_type (
    id integer NOT NULL,
    app_label character varying(100) NOT NULL,
    model character varying(100) NOT NULL
);


ALTER TABLE public.django_content_type OWNER TO postgres;

--
-- Name: django_content_type_id_seq; Type: SEQUENCE; Schema: public; Owner: postgres
--

ALTER TABLE public.django_content_type ALTER COLUMN id ADD GENERATED BY DEFAULT AS IDENTITY (
    SEQUENCE NAME public.django_content_type_id_seq
    START WITH 1
    INCREMENT BY 1
    NO MINVALUE
    NO MAXVALUE
    CACHE 1
);


--
-- Name: django_migrations; Type: TABLE; Schema: public; Owner: postgres
--

CREATE TABLE public.django_migrations (
    id bigint NOT NULL,
    app character varying(255) NOT NULL,
    name character varying(255) NOT NULL,
    applied timestamp with time zone NOT NULL
);


ALTER TABLE public.django_migrations OWNER TO postgres;

--
-- Name: django_migrations_id_seq; Type: SEQUENCE; Schema: public; Owner: postgres
--

ALTER TABLE public.django_migrations ALTER COLUMN id ADD GENERATED BY DEFAULT AS IDENTITY (
    SEQUENCE NAME public.django_migrations_id_seq
    START WITH 1
    INCREMENT BY 1
    NO MINVALUE
    NO MAXVALUE
    CACHE 1
);


--
-- Name: django_session; Type: TABLE; Schema: public; Owner: postgres
--

CREATE TABLE public.django_session (
    session_key character varying(40) NOT NULL,
    session_data text NOT NULL,
    expire_date timestamp with time zone NOT NULL
);


ALTER TABLE public.django_session OWNER TO postgres;

--
-- Data for Name: Feedback_feedback; Type: TABLE DATA; Schema: public; Owner: postgres
--

COPY public."Feedback_feedback" (id, name, email, doctor_name, message, created_at, rating, user_id_id) FROM stdin;
1	Ritu Patel	ritupatel0004@gmail.com	heni	service is good and hospital infra is very good	2026-04-15 15:04:32.42214+00	5	\N
2	dhruvin patel	dhruvinpatel17000@gmail.com	heni	service is good and hospital infra is very good	2026-04-15 21:28:33.637502+00	5	22
3	dhruvin patel	dhruvinpatel17000@gmail.com	heni	good	2026-04-15 21:29:47.429276+00	4	13
4	dhruvin patel	dhruvinpatel17000@gmail.com	heni	service is good and hospital infra is very good	2026-04-15 23:07:39.170559+00	5	22
5	kirtanpatel	kirtanpatel7257@gmail.com	ritupatel	adsadadadaasdasda  dadadadadadadl qkandlkandjlkasnd andkjandjadn aldnakldnaldnsal	2026-04-17 02:10:08.115471+00	1	29
6	dhruvin patel	dhruvinpatel17000@gmail.com	ritupatel	adadjdan adnandaj najdsnadn adsnadnad adnadn adand asdnadnasd	2026-04-17 14:54:17.674244+00	5	13
7	dhruvin patel	dhruvinpatel17000@gmail.com	dada	adadad	2026-04-20 20:53:44.478242+00	4	13
\.


--
-- Data for Name: HMSapp_appointment; Type: TABLE DATA; Schema: public; Owner: postgres
--

COPY public."HMSapp_appointment" (id, appointment_date, appointment_time, reason, status, created_at, doctor_id, patient_id, updated_at, full_name, phone, "Department") FROM stdin;
34	2026-04-21	11:30:00	i have fever	confirmed	2026-04-20 01:30:40.229678+00	31	13	2026-04-20 01:32:41.080183+00	dhruvin	6314923576	Cardiology
\.


--
-- Data for Name: accounts_user; Type: TABLE DATA; Schema: public; Owner: postgres
--

COPY public.accounts_user (id, password, last_login, is_superuser, email, full_name, role, is_active, is_staff, created_at, updated_at, must_change_password, bio, department, doctor_status, experience, image) FROM stdin;
22	pbkdf2_sha256$1200000$61ocV9jJAN2gZHPODaAj4e$wY7wwgpKZMqw9FnXGP6fz0tVYDodWRpbEFVXW9yP35I=	\N	f	ritupatel0004@gmail.com	Ritu Patel	patient	t	f	2026-04-13 03:55:26.073068+00	2026-04-13 03:55:26.073068+00	t	\N	\N	active	\N	
28	pbkdf2_sha256$1200000$BHmjklj7irDnZEEvRdDzYs$7mv0gBEcgpZ2dGdiOqofWpkxAqh63RhbIAEAwpOjZrA=	\N	f	kirtan@gmail.com	kirtan patel	patient	t	f	2026-04-17 01:58:44.713415+00	2026-04-17 01:58:44.713415+00	t	\N	\N	active	\N	
1	pbkdf2_sha256$1200000$Xac0hTzW86BZu6Of6Vc1Im$+9U/7n8TnmMK91L74fWi5l1JfYuIsLV2B6OWHRYTqQY=	\N	f	heni@gmail.com	heni	patient	t	f	2026-04-05 19:43:29.59103+00	2026-04-05 19:43:29.59103+00	t	\N	\N	active	\N	\N
12	pbkdf2_sha256$1200000$7KjJXGVDCyKIFFX1nfELBy$GyuFx6pPwvSqh7cJBaDYfV0H/qgf+sidbtzG2SpBkLo=	\N	f	asha@gmail.com	asha@gmail.com	patient	t	f	2026-04-10 02:51:01.735731+00	2026-04-10 02:51:01.735731+00	t	\N	\N	active	\N	
29	pbkdf2_sha256$1200000$RAQoKCvPbNOkZCJ9ggEN6s$cYIV3nQmJMtM2NRQ/E9KcwOuT9lQHtfF4/S0+vUUZCk=	\N	f	kirtanpatel7257@gmail.com	kirtanpatel	patient	t	f	2026-04-17 02:02:03.906293+00	2026-04-17 02:02:03.906293+00	t	\N	\N	active	\N	
2	pbkdf2_sha256$1000000$UbP2GpvHWbpIrtOrdTB9Ze$BQ0GtDwPtKYDQkKAJ3bCfebuGoLrX0VRtAnci3uGu54=	2026-04-05 19:48:45.952066+00	t	dhruvinpatel17000@hms.com	dhruvin	admin	t	t	2026-04-05 19:48:19.314035+00	2026-04-05 19:48:19.314035+00	t	\N	\N	active	\N	\N
13	pbkdf2_sha256$1000000$V77BrsE8CN7JxgpUnQkjSS$cN7KJ+g69gxGSs4Gp9HU57GhhWPEzvKXK1cwB+UPopY=	\N	f	dhruvinpatel17000@gmail.com	dhruvin patel	patient	t	f	2026-04-11 00:18:57.270766+00	2026-04-17 02:12:56.703392+00	t	\N	\N	active	\N	
31	pbkdf2_sha256$1000000$as0t3hEY6EsK1Fau5x5fDS$WcVKJ1WnHyhDNqWoppzUvNNatZRGZHd/qnkouWo6s5g=	\N	f	dhruvinpatel@hms.com	Dhruvin Patel	staff	t	t	2026-04-20 01:16:16.061074+00	2026-04-20 01:16:16.061074+00	t	Specializes in heart-related conditions, including diagnosis and treatment of cardiovascular diseases.	Cardiology	active	5	doctors/IMG_7541_MGYy8Oy.JPG
32	pbkdf2_sha256$1000000$uQFpJVkuoPTYim8f6apa2d$JEG6GiX93sQ0eeypvO+f1hia2gXKzuAYKTOnb5L8BtU=	\N	f	divypatel@hms.com	Divy Patel	staff	t	t	2026-04-20 01:17:35.270569+00	2026-04-20 01:17:35.270569+00	t	Focuses on disorders of the brain, spine, and nervous system.	Neurology	active	5	doctors/WhatsApp_Image_2026-04-19_at_9.09.48_PM.jpeg
34	pbkdf2_sha256$1000000$048Y6vXoOB96eboShh4tbn$3fl4U83f7aPnOcuDePIpbhen89wNS4atPi/Lc0xRY8w=	\N	f	kirtanpatel@hms.com	Kirtan Patel	staff	t	t	2026-04-20 01:22:49.173164+00	2026-04-20 01:22:49.173164+00	t	Treats skin, hair, and nail conditions.	Dermatology	active	5	doctors/WhatsApp_Image_2026-04-19_at_9.20.13_PM.jpeg
35	pbkdf2_sha256$1000000$MtATuuL3idhcYQlEQ5BUWl$lpjZc7MD99+zwyWR/iQ+r6vU8y7tCKgL2lCm4D+B6Q8=	\N	f	jayshihora@hms.com	Jay Shihora	staff	t	t	2026-04-20 01:24:09.167215+00	2026-04-20 01:24:09.167215+00	t	Handles lab tests, imaging, and medical investigations for accurate diagnosis.	Diagnostics	active	5	doctors/WhatsApp_Image_2026-04-19_at_9.22.17_PM.jpeg
33	pbkdf2_sha256$1000000$jTYnquReOcm61DI1Y5UjNJ$36hLOoR06CxTa758vPzm1x+PWOWGBPvDQPSEEtScouY=	\N	f	hetpatel@hms.com	Het Patel	staff	t	t	2026-04-20 01:21:23.801557+00	2026-04-20 01:25:02.433013+00	t	Deals with bones, joints, ligaments, and musculoskeletal injuries.	Orthopedics	inactive	5	doctors/het.jpeg
36	pbkdf2_sha256$1000000$t7f2Vh9Rreammc0S9q5inf$fsUXQ61AAlUt7zTCKZc3VbizI6unaxSQmZwBp7okfcY=	\N	f	rana@hms.com	Harsh Rana	staff	t	t	2026-04-20 01:28:26.334487+00	2026-04-20 01:28:26.334487+00	t	Provides medical care for infants, children, and adolescents.	Pediatrics	active	5	doctors/rana.jpeg
37	pbkdf2_sha256$1000000$vMcuRUZaxoStW1tmCZT4Lu$M/ylAxntWkRPBgZP6y32ziiwAGwgQcP8g6Hs5kVmYpc=	\N	f	bhakti@hms.com	Bhakti Vyas	staff	t	t	2026-04-20 01:29:55.56119+00	2026-04-20 01:29:55.56119+00	t	Handles lab tests, imaging, and medical investigations for accurate diagnosis.	Diagnostics	active	5	doctors/WhatsApp_Image_2026-04-19_at_9.27.11_PM.jpeg
\.


--
-- Data for Name: accounts_user_groups; Type: TABLE DATA; Schema: public; Owner: postgres
--

COPY public.accounts_user_groups (id, user_id, group_id) FROM stdin;
\.


--
-- Data for Name: accounts_user_user_permissions; Type: TABLE DATA; Schema: public; Owner: postgres
--

COPY public.accounts_user_user_permissions (id, user_id, permission_id) FROM stdin;
\.


--
-- Data for Name: auth_group; Type: TABLE DATA; Schema: public; Owner: postgres
--

COPY public.auth_group (id, name) FROM stdin;
\.


--
-- Data for Name: auth_group_permissions; Type: TABLE DATA; Schema: public; Owner: postgres
--

COPY public.auth_group_permissions (id, group_id, permission_id) FROM stdin;
\.


--
-- Data for Name: auth_permission; Type: TABLE DATA; Schema: public; Owner: postgres
--

COPY public.auth_permission (id, name, content_type_id, codename) FROM stdin;
1	Can add log entry	1	add_logentry
2	Can change log entry	1	change_logentry
3	Can delete log entry	1	delete_logentry
4	Can view log entry	1	view_logentry
5	Can add permission	3	add_permission
6	Can change permission	3	change_permission
7	Can delete permission	3	delete_permission
8	Can view permission	3	view_permission
9	Can add group	2	add_group
10	Can change group	2	change_group
11	Can delete group	2	delete_group
12	Can view group	2	view_group
13	Can add content type	4	add_contenttype
14	Can change content type	4	change_contenttype
15	Can delete content type	4	delete_contenttype
16	Can view content type	4	view_contenttype
17	Can add session	5	add_session
18	Can change session	5	change_session
19	Can delete session	5	delete_session
20	Can view session	5	view_session
21	Can add Token	6	add_token
22	Can change Token	6	change_token
23	Can delete Token	6	delete_token
24	Can view Token	6	view_token
25	Can add Token	7	add_tokenproxy
26	Can change Token	7	change_tokenproxy
27	Can delete Token	7	delete_tokenproxy
28	Can view Token	7	view_tokenproxy
29	Can add user	8	add_user
30	Can change user	8	change_user
31	Can delete user	8	delete_user
32	Can view user	8	view_user
33	Can add appointment	9	add_appointment
34	Can change appointment	9	change_appointment
35	Can delete appointment	9	delete_appointment
36	Can view appointment	9	view_appointment
37	Can add feedback	10	add_feedback
38	Can change feedback	10	change_feedback
39	Can delete feedback	10	delete_feedback
40	Can view feedback	10	view_feedback
\.


--
-- Data for Name: authtoken_token; Type: TABLE DATA; Schema: public; Owner: postgres
--

COPY public.authtoken_token (key, created, user_id) FROM stdin;
\.


--
-- Data for Name: django_admin_log; Type: TABLE DATA; Schema: public; Owner: postgres
--

COPY public.django_admin_log (id, action_time, object_id, object_repr, action_flag, change_message, content_type_id, user_id) FROM stdin;
\.


--
-- Data for Name: django_content_type; Type: TABLE DATA; Schema: public; Owner: postgres
--

COPY public.django_content_type (id, app_label, model) FROM stdin;
1	admin	logentry
2	auth	group
3	auth	permission
4	contenttypes	contenttype
5	sessions	session
6	authtoken	token
7	authtoken	tokenproxy
8	accounts	user
9	HMSapp	appointment
10	Feedback	feedback
\.


--
-- Data for Name: django_migrations; Type: TABLE DATA; Schema: public; Owner: postgres
--

COPY public.django_migrations (id, app, name, applied) FROM stdin;
1	contenttypes	0001_initial	2026-04-05 19:41:43.612771+00
2	contenttypes	0002_remove_content_type_name	2026-04-05 19:41:43.619971+00
3	auth	0001_initial	2026-04-05 19:41:43.667578+00
4	auth	0002_alter_permission_name_max_length	2026-04-05 19:41:43.673125+00
5	auth	0003_alter_user_email_max_length	2026-04-05 19:41:43.675335+00
6	auth	0004_alter_user_username_opts	2026-04-05 19:41:43.680312+00
7	auth	0005_alter_user_last_login_null	2026-04-05 19:41:43.690382+00
8	auth	0006_require_contenttypes_0002	2026-04-05 19:41:43.690382+00
9	auth	0007_alter_validators_add_error_messages	2026-04-05 19:41:43.698272+00
10	auth	0008_alter_user_username_max_length	2026-04-05 19:41:43.705086+00
11	auth	0009_alter_user_last_name_max_length	2026-04-05 19:41:43.710687+00
12	auth	0010_alter_group_name_max_length	2026-04-05 19:41:43.710687+00
13	auth	0011_update_proxy_permissions	2026-04-05 19:41:43.722473+00
14	auth	0012_alter_user_first_name_max_length	2026-04-05 19:41:43.725925+00
15	accounts	0001_initial	2026-04-05 19:41:43.775407+00
16	accounts	0002_user_must_change_password	2026-04-05 19:41:43.789878+00
17	accounts	0003_user_bio_user_department_user_doctor_status_and_more	2026-04-05 19:41:43.810171+00
18	admin	0001_initial	2026-04-05 19:41:43.829945+00
19	admin	0002_logentry_remove_auto_add	2026-04-05 19:41:43.837931+00
20	admin	0003_logentry_add_action_flag_choices	2026-04-05 19:41:43.846018+00
21	authtoken	0001_initial	2026-04-05 19:41:43.862868+00
22	authtoken	0002_auto_20160226_1747	2026-04-05 19:41:43.883584+00
23	authtoken	0003_tokenproxy	2026-04-05 19:41:43.884846+00
24	authtoken	0004_alter_tokenproxy_options	2026-04-05 19:41:43.890156+00
25	sessions	0001_initial	2026-04-05 19:41:43.904022+00
26	accounts	0004_alter_user_id	2026-04-05 19:41:57.221196+00
27	accounts	0005_user_image	2026-04-09 21:56:03.825256+00
28	HMSapp	0001_initial	2026-04-10 17:31:22.671445+00
29	HMSapp	0002_appointment_updated_at	2026-04-10 21:04:28.447846+00
30	HMSapp	0003_appointment_full_name_appointment_phone	2026-04-10 23:16:27.064427+00
31	accounts	0006_alter_user_doctor_status	2026-04-11 02:39:10.219717+00
32	HMSapp	0004_appointment_department	2026-04-13 18:50:00.934275+00
33	Feedback	0001_initial	2026-04-15 00:31:12.161399+00
34	Feedback	0002_feedback_rating	2026-04-15 15:02:17.653726+00
35	Feedback	0003_feedback_user_id	2026-04-15 20:41:53.740905+00
36	Feedback	0004_alter_feedback_id	2026-04-17 22:24:42.923587+00
37	HMSapp	0005_alter_appointment_id	2026-04-17 22:24:42.940093+00
38	accounts	0007_alter_user_id	2026-04-17 22:24:43.020203+00
\.


--
-- Data for Name: django_session; Type: TABLE DATA; Schema: public; Owner: postgres
--

COPY public.django_session (session_key, session_data, expire_date) FROM stdin;
khrehikjqpxxenky8vxynrvvh3czjwcn	.eJxVjDsOwyAQRO9CHSFYxC9l-pwBLbAEJxFIxq6s3D225CIpZ96b2VjAdalhHTSHKbMrA3b57SKmF7UD5Ce2R-ept2WeIj8UftLB7z3T-3a6fwcVR93XiawwCqUEUYyKCrSQxVgtcrZOk9qTQgc5orbRCTBo0DvA4j2gpsI-X8N7N2Q:1w9TSf:rQWqdsxZyzbMkoNM611Aw5ZdkFklYNgrihBmGM549L0	2026-04-19 19:48:45.956239+00
\.


--
-- Name: Feedback_feedback_id_seq; Type: SEQUENCE SET; Schema: public; Owner: postgres
--

SELECT pg_catalog.setval('public."Feedback_feedback_id_seq"', 7, true);


--
-- Name: HMSapp_appointment_id_seq; Type: SEQUENCE SET; Schema: public; Owner: postgres
--

SELECT pg_catalog.setval('public."HMSapp_appointment_id_seq"', 36, true);


--
-- Name: accounts_user_groups_id_seq; Type: SEQUENCE SET; Schema: public; Owner: postgres
--

SELECT pg_catalog.setval('public.accounts_user_groups_id_seq', 1, false);


--
-- Name: accounts_user_id_seq; Type: SEQUENCE SET; Schema: public; Owner: postgres
--

SELECT pg_catalog.setval('public.accounts_user_id_seq', 37, true);


--
-- Name: accounts_user_user_permissions_id_seq; Type: SEQUENCE SET; Schema: public; Owner: postgres
--

SELECT pg_catalog.setval('public.accounts_user_user_permissions_id_seq', 1, false);


--
-- Name: auth_group_id_seq; Type: SEQUENCE SET; Schema: public; Owner: postgres
--

SELECT pg_catalog.setval('public.auth_group_id_seq', 1, false);


--
-- Name: auth_group_permissions_id_seq; Type: SEQUENCE SET; Schema: public; Owner: postgres
--

SELECT pg_catalog.setval('public.auth_group_permissions_id_seq', 1, false);


--
-- Name: auth_permission_id_seq; Type: SEQUENCE SET; Schema: public; Owner: postgres
--

SELECT pg_catalog.setval('public.auth_permission_id_seq', 40, true);


--
-- Name: django_admin_log_id_seq; Type: SEQUENCE SET; Schema: public; Owner: postgres
--

SELECT pg_catalog.setval('public.django_admin_log_id_seq', 1, false);


--
-- Name: django_content_type_id_seq; Type: SEQUENCE SET; Schema: public; Owner: postgres
--

SELECT pg_catalog.setval('public.django_content_type_id_seq', 10, true);


--
-- Name: django_migrations_id_seq; Type: SEQUENCE SET; Schema: public; Owner: postgres
--

SELECT pg_catalog.setval('public.django_migrations_id_seq', 38, true);


--
-- Name: Feedback_feedback Feedback_feedback_pkey; Type: CONSTRAINT; Schema: public; Owner: postgres
--

ALTER TABLE ONLY public."Feedback_feedback"
    ADD CONSTRAINT "Feedback_feedback_pkey" PRIMARY KEY (id);


--
-- Name: HMSapp_appointment HMSapp_appointment_pkey; Type: CONSTRAINT; Schema: public; Owner: postgres
--

ALTER TABLE ONLY public."HMSapp_appointment"
    ADD CONSTRAINT "HMSapp_appointment_pkey" PRIMARY KEY (id);


--
-- Name: accounts_user accounts_user_email_key; Type: CONSTRAINT; Schema: public; Owner: postgres
--

ALTER TABLE ONLY public.accounts_user
    ADD CONSTRAINT accounts_user_email_key UNIQUE (email);


--
-- Name: accounts_user_groups accounts_user_groups_pkey; Type: CONSTRAINT; Schema: public; Owner: postgres
--

ALTER TABLE ONLY public.accounts_user_groups
    ADD CONSTRAINT accounts_user_groups_pkey PRIMARY KEY (id);


--
-- Name: accounts_user_groups accounts_user_groups_user_id_group_id_59c0b32f_uniq; Type: CONSTRAINT; Schema: public; Owner: postgres
--

ALTER TABLE ONLY public.accounts_user_groups
    ADD CONSTRAINT accounts_user_groups_user_id_group_id_59c0b32f_uniq UNIQUE (user_id, group_id);


--
-- Name: accounts_user accounts_user_pkey; Type: CONSTRAINT; Schema: public; Owner: postgres
--

ALTER TABLE ONLY public.accounts_user
    ADD CONSTRAINT accounts_user_pkey PRIMARY KEY (id);


--
-- Name: accounts_user_user_permissions accounts_user_user_permi_user_id_permission_id_2ab516c2_uniq; Type: CONSTRAINT; Schema: public; Owner: postgres
--

ALTER TABLE ONLY public.accounts_user_user_permissions
    ADD CONSTRAINT accounts_user_user_permi_user_id_permission_id_2ab516c2_uniq UNIQUE (user_id, permission_id);


--
-- Name: accounts_user_user_permissions accounts_user_user_permissions_pkey; Type: CONSTRAINT; Schema: public; Owner: postgres
--

ALTER TABLE ONLY public.accounts_user_user_permissions
    ADD CONSTRAINT accounts_user_user_permissions_pkey PRIMARY KEY (id);


--
-- Name: auth_group auth_group_name_key; Type: CONSTRAINT; Schema: public; Owner: postgres
--

ALTER TABLE ONLY public.auth_group
    ADD CONSTRAINT auth_group_name_key UNIQUE (name);


--
-- Name: auth_group_permissions auth_group_permissions_group_id_permission_id_0cd325b0_uniq; Type: CONSTRAINT; Schema: public; Owner: postgres
--

ALTER TABLE ONLY public.auth_group_permissions
    ADD CONSTRAINT auth_group_permissions_group_id_permission_id_0cd325b0_uniq UNIQUE (group_id, permission_id);


--
-- Name: auth_group_permissions auth_group_permissions_pkey; Type: CONSTRAINT; Schema: public; Owner: postgres
--

ALTER TABLE ONLY public.auth_group_permissions
    ADD CONSTRAINT auth_group_permissions_pkey PRIMARY KEY (id);


--
-- Name: auth_group auth_group_pkey; Type: CONSTRAINT; Schema: public; Owner: postgres
--

ALTER TABLE ONLY public.auth_group
    ADD CONSTRAINT auth_group_pkey PRIMARY KEY (id);


--
-- Name: auth_permission auth_permission_content_type_id_codename_01ab375a_uniq; Type: CONSTRAINT; Schema: public; Owner: postgres
--

ALTER TABLE ONLY public.auth_permission
    ADD CONSTRAINT auth_permission_content_type_id_codename_01ab375a_uniq UNIQUE (content_type_id, codename);


--
-- Name: auth_permission auth_permission_pkey; Type: CONSTRAINT; Schema: public; Owner: postgres
--

ALTER TABLE ONLY public.auth_permission
    ADD CONSTRAINT auth_permission_pkey PRIMARY KEY (id);


--
-- Name: authtoken_token authtoken_token_pkey; Type: CONSTRAINT; Schema: public; Owner: postgres
--

ALTER TABLE ONLY public.authtoken_token
    ADD CONSTRAINT authtoken_token_pkey PRIMARY KEY (key);


--
-- Name: authtoken_token authtoken_token_user_id_key; Type: CONSTRAINT; Schema: public; Owner: postgres
--

ALTER TABLE ONLY public.authtoken_token
    ADD CONSTRAINT authtoken_token_user_id_key UNIQUE (user_id);


--
-- Name: django_admin_log django_admin_log_pkey; Type: CONSTRAINT; Schema: public; Owner: postgres
--

ALTER TABLE ONLY public.django_admin_log
    ADD CONSTRAINT django_admin_log_pkey PRIMARY KEY (id);


--
-- Name: django_content_type django_content_type_app_label_model_76bd3d3b_uniq; Type: CONSTRAINT; Schema: public; Owner: postgres
--

ALTER TABLE ONLY public.django_content_type
    ADD CONSTRAINT django_content_type_app_label_model_76bd3d3b_uniq UNIQUE (app_label, model);


--
-- Name: django_content_type django_content_type_pkey; Type: CONSTRAINT; Schema: public; Owner: postgres
--

ALTER TABLE ONLY public.django_content_type
    ADD CONSTRAINT django_content_type_pkey PRIMARY KEY (id);


--
-- Name: django_migrations django_migrations_pkey; Type: CONSTRAINT; Schema: public; Owner: postgres
--

ALTER TABLE ONLY public.django_migrations
    ADD CONSTRAINT django_migrations_pkey PRIMARY KEY (id);


--
-- Name: django_session django_session_pkey; Type: CONSTRAINT; Schema: public; Owner: postgres
--

ALTER TABLE ONLY public.django_session
    ADD CONSTRAINT django_session_pkey PRIMARY KEY (session_key);


--
-- Name: Feedback_feedback_user_id_id_f95eddb7; Type: INDEX; Schema: public; Owner: postgres
--

CREATE INDEX "Feedback_feedback_user_id_id_f95eddb7" ON public."Feedback_feedback" USING btree (user_id_id);


--
-- Name: HMSapp_appointment_doctor_id_8147f3fb; Type: INDEX; Schema: public; Owner: postgres
--

CREATE INDEX "HMSapp_appointment_doctor_id_8147f3fb" ON public."HMSapp_appointment" USING btree (doctor_id);


--
-- Name: HMSapp_appointment_patient_id_6573c436; Type: INDEX; Schema: public; Owner: postgres
--

CREATE INDEX "HMSapp_appointment_patient_id_6573c436" ON public."HMSapp_appointment" USING btree (patient_id);


--
-- Name: accounts_user_email_b2644a56_like; Type: INDEX; Schema: public; Owner: postgres
--

CREATE INDEX accounts_user_email_b2644a56_like ON public.accounts_user USING btree (email varchar_pattern_ops);


--
-- Name: accounts_user_groups_group_id_bd11a704; Type: INDEX; Schema: public; Owner: postgres
--

CREATE INDEX accounts_user_groups_group_id_bd11a704 ON public.accounts_user_groups USING btree (group_id);


--
-- Name: accounts_user_groups_user_id_52b62117; Type: INDEX; Schema: public; Owner: postgres
--

CREATE INDEX accounts_user_groups_user_id_52b62117 ON public.accounts_user_groups USING btree (user_id);


--
-- Name: accounts_user_user_permissions_permission_id_113bb443; Type: INDEX; Schema: public; Owner: postgres
--

CREATE INDEX accounts_user_user_permissions_permission_id_113bb443 ON public.accounts_user_user_permissions USING btree (permission_id);


--
-- Name: accounts_user_user_permissions_user_id_e4f0a161; Type: INDEX; Schema: public; Owner: postgres
--

CREATE INDEX accounts_user_user_permissions_user_id_e4f0a161 ON public.accounts_user_user_permissions USING btree (user_id);


--
-- Name: auth_group_name_a6ea08ec_like; Type: INDEX; Schema: public; Owner: postgres
--

CREATE INDEX auth_group_name_a6ea08ec_like ON public.auth_group USING btree (name varchar_pattern_ops);


--
-- Name: auth_group_permissions_group_id_b120cbf9; Type: INDEX; Schema: public; Owner: postgres
--

CREATE INDEX auth_group_permissions_group_id_b120cbf9 ON public.auth_group_permissions USING btree (group_id);


--
-- Name: auth_group_permissions_permission_id_84c5c92e; Type: INDEX; Schema: public; Owner: postgres
--

CREATE INDEX auth_group_permissions_permission_id_84c5c92e ON public.auth_group_permissions USING btree (permission_id);


--
-- Name: auth_permission_content_type_id_2f476e4b; Type: INDEX; Schema: public; Owner: postgres
--

CREATE INDEX auth_permission_content_type_id_2f476e4b ON public.auth_permission USING btree (content_type_id);


--
-- Name: authtoken_token_key_10f0b77e_like; Type: INDEX; Schema: public; Owner: postgres
--

CREATE INDEX authtoken_token_key_10f0b77e_like ON public.authtoken_token USING btree (key varchar_pattern_ops);


--
-- Name: django_admin_log_content_type_id_c4bce8eb; Type: INDEX; Schema: public; Owner: postgres
--

CREATE INDEX django_admin_log_content_type_id_c4bce8eb ON public.django_admin_log USING btree (content_type_id);


--
-- Name: django_admin_log_user_id_c564eba6; Type: INDEX; Schema: public; Owner: postgres
--

CREATE INDEX django_admin_log_user_id_c564eba6 ON public.django_admin_log USING btree (user_id);


--
-- Name: django_session_expire_date_a5c62663; Type: INDEX; Schema: public; Owner: postgres
--

CREATE INDEX django_session_expire_date_a5c62663 ON public.django_session USING btree (expire_date);


--
-- Name: django_session_session_key_c0390e0f_like; Type: INDEX; Schema: public; Owner: postgres
--

CREATE INDEX django_session_session_key_c0390e0f_like ON public.django_session USING btree (session_key varchar_pattern_ops);


--
-- Name: Feedback_feedback Feedback_feedback_user_id_id_f95eddb7_fk; Type: FK CONSTRAINT; Schema: public; Owner: postgres
--

ALTER TABLE ONLY public."Feedback_feedback"
    ADD CONSTRAINT "Feedback_feedback_user_id_id_f95eddb7_fk" FOREIGN KEY (user_id_id) REFERENCES public.accounts_user(id) DEFERRABLE INITIALLY DEFERRED;


--
-- Name: HMSapp_appointment HMSapp_appointment_doctor_id_8147f3fb_fk; Type: FK CONSTRAINT; Schema: public; Owner: postgres
--

ALTER TABLE ONLY public."HMSapp_appointment"
    ADD CONSTRAINT "HMSapp_appointment_doctor_id_8147f3fb_fk" FOREIGN KEY (doctor_id) REFERENCES public.accounts_user(id) DEFERRABLE INITIALLY DEFERRED;


--
-- Name: HMSapp_appointment HMSapp_appointment_patient_id_6573c436_fk; Type: FK CONSTRAINT; Schema: public; Owner: postgres
--

ALTER TABLE ONLY public."HMSapp_appointment"
    ADD CONSTRAINT "HMSapp_appointment_patient_id_6573c436_fk" FOREIGN KEY (patient_id) REFERENCES public.accounts_user(id) DEFERRABLE INITIALLY DEFERRED;


--
-- Name: accounts_user_groups accounts_user_groups_group_id_bd11a704_fk_auth_group_id; Type: FK CONSTRAINT; Schema: public; Owner: postgres
--

ALTER TABLE ONLY public.accounts_user_groups
    ADD CONSTRAINT accounts_user_groups_group_id_bd11a704_fk_auth_group_id FOREIGN KEY (group_id) REFERENCES public.auth_group(id) DEFERRABLE INITIALLY DEFERRED;


--
-- Name: accounts_user_groups accounts_user_groups_user_id_52b62117_fk; Type: FK CONSTRAINT; Schema: public; Owner: postgres
--

ALTER TABLE ONLY public.accounts_user_groups
    ADD CONSTRAINT accounts_user_groups_user_id_52b62117_fk FOREIGN KEY (user_id) REFERENCES public.accounts_user(id) DEFERRABLE INITIALLY DEFERRED;


--
-- Name: accounts_user_user_permissions accounts_user_user_p_permission_id_113bb443_fk_auth_perm; Type: FK CONSTRAINT; Schema: public; Owner: postgres
--

ALTER TABLE ONLY public.accounts_user_user_permissions
    ADD CONSTRAINT accounts_user_user_p_permission_id_113bb443_fk_auth_perm FOREIGN KEY (permission_id) REFERENCES public.auth_permission(id) DEFERRABLE INITIALLY DEFERRED;


--
-- Name: accounts_user_user_permissions accounts_user_user_permissions_user_id_e4f0a161_fk; Type: FK CONSTRAINT; Schema: public; Owner: postgres
--

ALTER TABLE ONLY public.accounts_user_user_permissions
    ADD CONSTRAINT accounts_user_user_permissions_user_id_e4f0a161_fk FOREIGN KEY (user_id) REFERENCES public.accounts_user(id) DEFERRABLE INITIALLY DEFERRED;


--
-- Name: auth_group_permissions auth_group_permissio_permission_id_84c5c92e_fk_auth_perm; Type: FK CONSTRAINT; Schema: public; Owner: postgres
--

ALTER TABLE ONLY public.auth_group_permissions
    ADD CONSTRAINT auth_group_permissio_permission_id_84c5c92e_fk_auth_perm FOREIGN KEY (permission_id) REFERENCES public.auth_permission(id) DEFERRABLE INITIALLY DEFERRED;


--
-- Name: auth_group_permissions auth_group_permissions_group_id_b120cbf9_fk_auth_group_id; Type: FK CONSTRAINT; Schema: public; Owner: postgres
--

ALTER TABLE ONLY public.auth_group_permissions
    ADD CONSTRAINT auth_group_permissions_group_id_b120cbf9_fk_auth_group_id FOREIGN KEY (group_id) REFERENCES public.auth_group(id) DEFERRABLE INITIALLY DEFERRED;


--
-- Name: auth_permission auth_permission_content_type_id_2f476e4b_fk_django_co; Type: FK CONSTRAINT; Schema: public; Owner: postgres
--

ALTER TABLE ONLY public.auth_permission
    ADD CONSTRAINT auth_permission_content_type_id_2f476e4b_fk_django_co FOREIGN KEY (content_type_id) REFERENCES public.django_content_type(id) DEFERRABLE INITIALLY DEFERRED;


--
-- Name: authtoken_token authtoken_token_user_id_35299eff_fk; Type: FK CONSTRAINT; Schema: public; Owner: postgres
--

ALTER TABLE ONLY public.authtoken_token
    ADD CONSTRAINT authtoken_token_user_id_35299eff_fk FOREIGN KEY (user_id) REFERENCES public.accounts_user(id) DEFERRABLE INITIALLY DEFERRED;


--
-- Name: django_admin_log django_admin_log_content_type_id_c4bce8eb_fk_django_co; Type: FK CONSTRAINT; Schema: public; Owner: postgres
--

ALTER TABLE ONLY public.django_admin_log
    ADD CONSTRAINT django_admin_log_content_type_id_c4bce8eb_fk_django_co FOREIGN KEY (content_type_id) REFERENCES public.django_content_type(id) DEFERRABLE INITIALLY DEFERRED;


--
-- Name: django_admin_log django_admin_log_user_id_c564eba6_fk; Type: FK CONSTRAINT; Schema: public; Owner: postgres
--

ALTER TABLE ONLY public.django_admin_log
    ADD CONSTRAINT django_admin_log_user_id_c564eba6_fk FOREIGN KEY (user_id) REFERENCES public.accounts_user(id) DEFERRABLE INITIALLY DEFERRED;


--
-- PostgreSQL database dump complete
--

\unrestrict JUbjy9yYvOoShfOFZHcaygqylJHDSLp5s1oXrB3NEYvrfDI9t1OVBjd5b6Ci4ie

